[{"__type__":"cc.SpriteFrame","content":{"name":"书","texture":"e7tc61uypHGLaKTGLithyT","rect":[2,3,105,179],"offset":[-0.5,0],"originalSize":[110,185],"capInsets":[0,0,0,0]}},{"__type__":"cc.SpriteFrame","content":{"name":"house","texture":"9fzteGxchFxobGFYL4ky+U","rect":[0,0,1242,2688],"offset":[0,0],"originalSize":[1242,2688],"capInsets":[0,0,0,0]}},[{"__type__":"cc.Prefab","_name":"coin","data":{"__id__":1}},{"__type__":"cc.Node","_name":"coin","_children":[{"__id__":2},{"__id__":3},{"__id__":4},{"__id__":5}],"_components":[{"__type__":"cc.Sprite","node":{"__id__":1},"_materials":[{"__uuid__":"ecpdLyjvZBwrvm+cedCcQy"}]}],"_prefab":{"__type__":"cc.PrefabInfo","root":{"__id__":1},"asset":{"__id__":0},"fileId":"3bl82qWVNE4rN6arClq0it"},"_contentSize":{"__type__":"cc.Size","width":40,"height":36},"_trs":{"__type__":"TypedArray","ctor":"Float64Array","array":[-417.719,900,0,0,0,0,1,1,1,1]}},{"__type__":"cc.Node","_name":"coin_bg","_parent":{"__id__":1},"_components":[{"__type__":"cc.Sprite","node":{"__id__":2},"_materials":[{"__uuid__":"ecpdLyjvZBwrvm+cedCcQy"}],"_spriteFrame":{"__uuid__":"74jKncv/REhqxnfAWPXXUX"},"_sizeMode":0}],"_prefab":{"__type__":"cc.PrefabInfo","root":{"__id__":1},"asset":{"__id__":0},"fileId":"813BAXlbZIoaAxJ5oaRqZO"},"_contentSize":{"__type__":"cc.Size","width":325,"height":126},"_trs":{"__type__":"TypedArray","ctor":"Float64Array","array":[0,0,0,0,0,0,1,1,1,1]}},{"__type__":"cc.Node","_name":"icon","_parent":{"__id__":1},"_components":[{"__type__":"cc.Sprite","node":{"__id__":3},"_materials":[{"__uuid__":"ecpdLyjvZBwrvm+cedCcQy"}],"_spriteFrame":{"__uuid__":"04R/q7F9RN3q9LWb8JmJ4O"},"_sizeMode":0}],"_prefab":{"__type__":"cc.PrefabInfo","root":{"__id__":1},"asset":{"__id__":0},"fileId":"38B12Zr2lDdqL+d2dxy2yG"},"_contentSize":{"__type__":"cc.Size","width":160,"height":175},"_trs":{"__type__":"TypedArray","ctor":"Float64Array","array":[-89.058,-7.822,0,0,0,0,1,1,1,1]}},{"__type__":"cc.Node","_name":"coin","_parent":{"__id__":1},"_components":[{"__type__":"cc.Sprite","node":{"__id__":4},"_materials":[{"__uuid__":"ecpdLyjvZBwrvm+cedCcQy"}],"_spriteFrame":{"__uuid__":"81ypcBPCpKZqJ49wu6YT9d"},"_sizeMode":0}],"_prefab":{"__type__":"cc.PrefabInfo","root":{"__id__":1},"asset":{"__id__":0},"fileId":"c0Y2AoadRK75kcg+Qk/RlQ"},"_contentSize":{"__type__":"cc.Size","width":60,"height":60},"_trs":{"__type__":"TypedArray","ctor":"Float64Array","array":[37.232,0,0,0,0,0,1,1,1,1]}},{"__type__":"cc.Node","_name":"amount","_parent":{"__id__":1},"_components":[{"__type__":"cc.Label","node":{"__id__":5},"_materials":[{"__uuid__":"ecpdLyjvZBwrvm+cedCcQy"}],"_useOriginalSize":false,"_string":"8","_N$string":"8","_fontSize":60,"_N$horizontalAlign":1,"_N$verticalAlign":1}],"_prefab":{"__type__":"cc.PrefabInfo","root":{"__id__":1},"asset":{"__id__":0},"fileId":"0c5EXhlKhMMqczISpFwd82"},"_contentSize":{"__type__":"cc.Size","width":33.37,"height":50.4},"_trs":{"__type__":"TypedArray","ctor":"Float64Array","array":[92.28,0,0,0,0,0,1,1,1,1]}}],[{"__type__":"cc.SceneAsset","_name":"house","scene":{"__id__":1},"asyncLoadAssets":null},{"__type__":"cc.Scene","_name":"New Node","_children":[{"__id__":2}],"_active":false,"_anchorPoint":{"__type__":"cc.Vec2"},"_trs":{"__type__":"TypedArray","ctor":"Float64Array","array":[0,0,0,0,0,0,1,1,1,1]},"autoReleaseAssets":false},{"__type__":"cc.Node","_name":"Canvas","_parent":{"__id__":1},"_children":[{"__id__":3},{"__id__":4},{"__id__":5},{"__id__":6},{"__id__":12},{"__id__":14},{"__id__":16},{"__id__":19},{"__id__":21},{"__id__":23},{"__id__":25},{"__id__":27},{"__id__":29},{"__id__":35}],"_components":[{"__type__":"cc.Canvas","node":{"__id__":2},"_designResolution":{"__type__":"cc.Size","width":1242,"height":2688}},{"__type__":"e6e52KcukNLtb5dgHKH6pj3","node":{"__id__":2},"coins":{"__id__":34},"root_node":{"__id__":2},"share_item":{"__uuid__":"abccUY5XhPUpW+C19QnAPt"},"load1":{"__id__":39},"load2":{"__id__":38},"load3":{"__id__":37},"load4":{"__id__":36}}],"_contentSize":{"__type__":"cc.Size","width":1242,"height":2688},"_trs":{"__type__":"TypedArray","ctor":"Float64Array","array":[621,1344,0,0,0,0,1,1,1,1]},"_id":"01MxR+1odA5YWyCsi2ZkKT"},{"__type__":"cc.Node","_name":"Main Camera","_parent":{"__id__":2},"_components":[{"__type__":"cc.Camera","node":{"__id__":3},"_clearFlags":7,"_depth":-1}],"_contentSize":{"__type__":"cc.Size","width":1242,"height":2688},"_trs":{"__type__":"TypedArray","ctor":"Float64Array","array":[0,0,527.4094709047232,0,0,0,1,1,1,1]}},{"__type__":"cc.Node","_name":"house","_parent":{"__id__":2},"_components":[{"__type__":"cc.Sprite","node":{"__id__":4},"_materials":[{"__uuid__":"ecpdLyjvZBwrvm+cedCcQy"}],"_spriteFrame":{"__uuid__":"46m+csmTJC3puxF2PW91yI"}}],"_contentSize":{"__type__":"cc.Size","width":1242,"height":2688},"_trs":{"__type__":"TypedArray","ctor":"Float64Array","array":[0,0,0,0,0,0,1,1,1,1]}},{"__type__":"cc.Node","_name":"flower","_parent":{"__id__":2},"_components":[{"__type__":"cc.Sprite","node":{"__id__":5},"_materials":[{"__uuid__":"ecpdLyjvZBwrvm+cedCcQy"}],"_sizeMode":0}],"_prefab":{"__type__":"cc.PrefabInfo","root":{"__id__":5},"asset":{"__uuid__":"3bpaqPOnpKioMav6o9uELN"},"fileId":"d3oUXGWi9Cl5bbLzs/77HF"},"_contentSize":{"__type__":"cc.Size","width":300,"height":200},"_trs":{"__type__":"TypedArray","ctor":"Float64Array","array":[-174.791,-363.754,0,0,0,0,1,1,1,1]},"_skewY":10},{"__type__":"cc.Node","_name":"btn_general","_parent":{"__id__":2},"_children":[{"__id__":7},{"__id__":9},{"__id__":11}],"_trs":{"__type__":"TypedArray","ctor":"Float64Array","array":[450,1100,0,0,0,0,1,1,1,1]}},{"__type__":"cc.Node","_name":"exit","_parent":{"__id__":6},"_children":[{"__id__":8}],"_components":[{"__type__":"cc.Button","node":{"__id__":7},"_normalMaterial":{"__uuid__":"ecpdLyjvZBwrvm+cedCcQy"},"clickEvents":[{"__type__":"cc.ClickEvent","target":{"__id__":2},"_componentId":"e6e52KcukNLtb5dgHKH6pj3","handler":"tomain"}],"_N$transition":2,"transition":2,"_N$normalColor":{"__type__":"cc.Color","r":230,"g":230,"b":230},"_N$pressedColor":{"__type__":"cc.Color","r":200,"g":200,"b":200},"pressedColor":{"__type__":"cc.Color","r":200,"g":200,"b":200},"_N$disabledColor":{"__type__":"cc.Color","r":120,"g":120,"b":120,"a":200},"_N$normalSprite":{"__uuid__":"cfTARQl41PJIPHYDUtRnG6"},"_N$pressedSprite":{"__uuid__":"cfTARQl41PJIPHYDUtRnG6"},"pressedSprite":{"__uuid__":"cfTARQl41PJIPHYDUtRnG6"},"_N$hoverSprite":{"__uuid__":"cfTARQl41PJIPHYDUtRnG6"},"hoverSprite":{"__uuid__":"cfTARQl41PJIPHYDUtRnG6"},"_N$disabledSprite":{"__uuid__":"cfTARQl41PJIPHYDUtRnG6"},"_N$target":{"__id__":8}}],"_contentSize":{"__type__":"cc.Size","width":70,"height":70},"_trs":{"__type__":"TypedArray","ctor":"Float64Array","array":[62,0,0,0,0,0,1,1,1,1]}},{"__type__":"cc.Node","_name":"Background","_parent":{"__id__":7},"_components":[{"__type__":"cc.Sprite","node":{"__id__":8},"_materials":[{"__uuid__":"ecpdLyjvZBwrvm+cedCcQy"}],"_spriteFrame":{"__uuid__":"cfTARQl41PJIPHYDUtRnG6"},"_type":1,"_sizeMode":0},{"__type__":"cc.Widget","node":{"__id__":8},"alignMode":0,"_alignFlags":45,"_originalWidth":100,"_originalHeight":40}],"_contentSize":{"__type__":"cc.Size","width":70,"height":70},"_trs":{"__type__":"TypedArray","ctor":"Float64Array","array":[0,0,0,0,0,0,1,1,1,1]}},{"__type__":"cc.Node","_name":"more","_parent":{"__id__":6},"_children":[{"__id__":10}],"_components":[{"__type__":"cc.Button","node":{"__id__":9},"_normalMaterial":{"__uuid__":"ecpdLyjvZBwrvm+cedCcQy"},"clickEvents":[{"__type__":"cc.ClickEvent","target":{"__id__":2},"_componentId":"e6e52KcukNLtb5dgHKH6pj3","handler":"clickbtn_share"}],"_N$transition":2,"transition":2,"_N$normalColor":{"__type__":"cc.Color","r":230,"g":230,"b":230},"_N$pressedColor":{"__type__":"cc.Color","r":200,"g":200,"b":200},"pressedColor":{"__type__":"cc.Color","r":200,"g":200,"b":200},"_N$disabledColor":{"__type__":"cc.Color","r":120,"g":120,"b":120,"a":200},"_N$normalSprite":{"__uuid__":"44YxMBAZpEE4ERnDYsAjDT"},"_N$pressedSprite":{"__uuid__":"44YxMBAZpEE4ERnDYsAjDT"},"pressedSprite":{"__uuid__":"44YxMBAZpEE4ERnDYsAjDT"},"_N$hoverSprite":{"__uuid__":"44YxMBAZpEE4ERnDYsAjDT"},"hoverSprite":{"__uuid__":"44YxMBAZpEE4ERnDYsAjDT"},"_N$disabledSprite":{"__uuid__":"44YxMBAZpEE4ERnDYsAjDT"},"_N$target":{"__id__":10}}],"_contentSize":{"__type__":"cc.Size","width":100,"height":40},"_trs":{"__type__":"TypedArray","ctor":"Float64Array","array":[-62,0,0,0,0,0,1,1,1,1]}},{"__type__":"cc.Node","_name":"Background","_parent":{"__id__":9},"_components":[{"__type__":"cc.Sprite","node":{"__id__":10},"_materials":[{"__uuid__":"ecpdLyjvZBwrvm+cedCcQy"}],"_spriteFrame":{"__uuid__":"44YxMBAZpEE4ERnDYsAjDT"},"_type":1,"_sizeMode":0},{"__type__":"cc.Widget","node":{"__id__":10},"alignMode":0,"_alignFlags":45,"_left":10,"_right":10,"_top":12.5,"_bottom":12.5,"_originalWidth":100,"_originalHeight":40}],"_contentSize":{"__type__":"cc.Size","width":80,"height":15},"_trs":{"__type__":"TypedArray","ctor":"Float64Array","array":[0,0,0,0,0,0,1,1,1,1]}},{"__type__":"cc.Node","_name":"btn_exit_bg","_parent":{"__id__":6},"_components":[{"__type__":"cc.Sprite","node":{"__id__":11},"_materials":[{"__uuid__":"ecpdLyjvZBwrvm+cedCcQy"}],"_spriteFrame":{"__uuid__":"e8mSVY3GhMP7dMze4eaw8H"},"_sizeMode":0}],"_contentSize":{"__type__":"cc.Size","width":250,"height":100},"_trs":{"__type__":"TypedArray","ctor":"Float64Array","array":[0,0,0,0,0,0,1,1,1,1]}},{"__type__":"cc.Node","_name":"btn_friend","_parent":{"__id__":2},"_children":[{"__id__":13}],"_components":[{"__type__":"cc.Button","node":{"__id__":12},"_normalMaterial":{"__uuid__":"ecpdLyjvZBwrvm+cedCcQy"},"clickEvents":[{"__type__":"cc.ClickEvent","target":{"__id__":12},"_componentId":"43b1eh/0iVKjaukoJ2mBDxE","handler":"clickbtn_friend_up"}],"_N$transition":2,"transition":2,"_N$normalColor":{"__type__":"cc.Color","r":230,"g":230,"b":230},"_N$pressedColor":{"__type__":"cc.Color","r":200,"g":200,"b":200},"pressedColor":{"__type__":"cc.Color","r":200,"g":200,"b":200},"_N$disabledColor":{"__type__":"cc.Color","r":120,"g":120,"b":120,"a":200},"_N$normalSprite":{"__uuid__":"9dUBZuxkFF7ZxI9h9saHbk"},"_N$pressedSprite":{"__uuid__":"9dUBZuxkFF7ZxI9h9saHbk"},"pressedSprite":{"__uuid__":"9dUBZuxkFF7ZxI9h9saHbk"},"_N$disabledSprite":{"__uuid__":"9dUBZuxkFF7ZxI9h9saHbk"},"_N$target":{"__id__":13}},{"__type__":"43b1eh/0iVKjaukoJ2mBDxE","node":{"__id__":12},"panel":{"__uuid__":"c7O0XRDE9DqJzizPFSjViI"},"root_node":{"__id__":2}}],"_contentSize":{"__type__":"cc.Size","width":134,"height":146},"_trs":{"__type__":"TypedArray","ctor":"Float64Array","array":[475,200,0,0,0,0,1,1,1,1]}},{"__type__":"cc.Node","_name":"Background","_parent":{"__id__":12},"_components":[{"__type__":"cc.Sprite","node":{"__id__":13},"_materials":[{"__uuid__":"ecpdLyjvZBwrvm+cedCcQy"}],"_spriteFrame":{"__uuid__":"9dUBZuxkFF7ZxI9h9saHbk"},"_type":1,"_sizeMode":0},{"__type__":"cc.Widget","node":{"__id__":13},"alignMode":0,"_alignFlags":45,"_originalWidth":100,"_originalHeight":40}],"_contentSize":{"__type__":"cc.Size","width":134,"height":146},"_trs":{"__type__":"TypedArray","ctor":"Float64Array","array":[0,0,0,0,0,0,1,1,1,1]}},{"__type__":"cc.Node","_name":"btn_bag","_parent":{"__id__":2},"_children":[{"__id__":15}],"_components":[{"__type__":"cc.Button","node":{"__id__":14},"_normalMaterial":{"__uuid__":"ecpdLyjvZBwrvm+cedCcQy"},"clickEvents":[{"__type__":"cc.ClickEvent","target":{"__id__":14},"_componentId":"43b1eh/0iVKjaukoJ2mBDxE","handler":"clickbtn_bag_up"}],"_N$transition":2,"transition":2,"_N$normalColor":{"__type__":"cc.Color","r":230,"g":230,"b":230},"_N$pressedColor":{"__type__":"cc.Color","r":200,"g":200,"b":200},"pressedColor":{"__type__":"cc.Color","r":200,"g":200,"b":200},"_N$disabledColor":{"__type__":"cc.Color","r":120,"g":120,"b":120,"a":200},"_N$normalSprite":{"__uuid__":"9eI0dUh1xMHb3mi8mdxed8"},"_N$pressedSprite":{"__uuid__":"9eI0dUh1xMHb3mi8mdxed8"},"pressedSprite":{"__uuid__":"9eI0dUh1xMHb3mi8mdxed8"},"_N$hoverSprite":{"__uuid__":"9eI0dUh1xMHb3mi8mdxed8"},"hoverSprite":{"__uuid__":"9eI0dUh1xMHb3mi8mdxed8"},"_N$disabledSprite":{"__uuid__":"9eI0dUh1xMHb3mi8mdxed8"},"_N$target":{"__id__":15}},{"__type__":"43b1eh/0iVKjaukoJ2mBDxE","node":{"__id__":14},"panel":{"__uuid__":"c7O0XRDE9DqJzizPFSjViI"},"root_node":{"__id__":2}}],"_contentSize":{"__type__":"cc.Size","width":134,"height":146},"_trs":{"__type__":"TypedArray","ctor":"Float64Array","array":[475,0,0,0,0,0,1,1,1,1]}},{"__type__":"cc.Node","_name":"Background","_parent":{"__id__":14},"_components":[{"__type__":"cc.Sprite","node":{"__id__":15},"_materials":[{"__uuid__":"ecpdLyjvZBwrvm+cedCcQy"}],"_spriteFrame":{"__uuid__":"9eI0dUh1xMHb3mi8mdxed8"},"_type":1,"_sizeMode":0},{"__type__":"cc.Widget","node":{"__id__":15},"alignMode":0,"_alignFlags":45,"_originalWidth":100,"_originalHeight":40}],"_contentSize":{"__type__":"cc.Size","width":134,"height":146},"_trs":{"__type__":"TypedArray","ctor":"Float64Array","array":[0,0,0,0,0,0,1,1,1,1]}},{"__type__":"cc.Node","_name":"chicken","_parent":{"__id__":2},"_children":[{"__id__":17},{"__id__":18}],"_components":[{"__type__":"cc.Sprite","node":{"__id__":16},"_materials":[{"__uuid__":"ecpdLyjvZBwrvm+cedCcQy"}],"_sizeMode":0}],"_contentSize":{"__type__":"cc.Size","width":425,"height":450},"_trs":{"__type__":"TypedArray","ctor":"Float64Array","array":[257.62,-573.57,0,0,0,0,1,1,1,1]}},{"__type__":"cc.Node","_name":"chicken_shadow","_parent":{"__id__":16},"_components":[{"__type__":"cc.Sprite","node":{"__id__":17},"_materials":[{"__uuid__":"ecpdLyjvZBwrvm+cedCcQy"}],"_spriteFrame":{"__uuid__":"d10oH0j3RNkYYmUHC4Ozve"},"_sizeMode":0}],"_color":{"__type__":"cc.Color","r":167,"g":162,"b":162},"_contentSize":{"__type__":"cc.Size","width":345,"height":180},"_trs":{"__type__":"TypedArray","ctor":"Float64Array","array":[25.564,-165.797,0,0,0,0,1,1,1,1]}},{"__type__":"cc.Node","_name":"chicken_body","_parent":{"__id__":16},"_components":[{"__type__":"cc.Sprite","node":{"__id__":18},"_materials":[{"__uuid__":"ecpdLyjvZBwrvm+cedCcQy"}],"_spriteFrame":{"__uuid__":"eeOoZi5YRM6J1J5a5X8SJL"},"_sizeMode":0}],"_contentSize":{"__type__":"cc.Size","width":425,"height":450},"_trs":{"__type__":"TypedArray","ctor":"Float64Array","array":[0,0,0,0,0,0,1,1,1,1]}},{"__type__":"cc.Node","_name":"btn_book","_parent":{"__id__":2},"_children":[{"__id__":20}],"_components":[{"__type__":"cc.Button","node":{"__id__":19},"_normalMaterial":{"__uuid__":"ecpdLyjvZBwrvm+cedCcQy"},"clickEvents":[{"__type__":"cc.ClickEvent","target":{"__id__":2},"_componentId":"e6e52KcukNLtb5dgHKH6pj3","handler":"toarchive"}],"_N$transition":2,"transition":2,"_N$normalColor":{"__type__":"cc.Color","r":230,"g":230,"b":230},"_N$pressedColor":{"__type__":"cc.Color","r":200,"g":200,"b":200},"pressedColor":{"__type__":"cc.Color","r":200,"g":200,"b":200},"_N$disabledColor":{"__type__":"cc.Color","r":120,"g":120,"b":120,"a":200},"_N$normalSprite":{"__uuid__":"20gS8SBqFPuIWxSAFobE5T"},"_N$pressedSprite":{"__uuid__":"20gS8SBqFPuIWxSAFobE5T"},"pressedSprite":{"__uuid__":"20gS8SBqFPuIWxSAFobE5T"},"_N$hoverSprite":{"__uuid__":"20gS8SBqFPuIWxSAFobE5T"},"hoverSprite":{"__uuid__":"20gS8SBqFPuIWxSAFobE5T"},"_N$disabledSprite":{"__uuid__":"20gS8SBqFPuIWxSAFobE5T"},"_N$target":{"__id__":20}}],"_contentSize":{"__type__":"cc.Size","width":110,"height":185},"_trs":{"__type__":"TypedArray","ctor":"Float64Array","array":[20.023,411.084,0,0,0,0,1,1,1,1]}},{"__type__":"cc.Node","_name":"Background","_parent":{"__id__":19},"_components":[{"__type__":"cc.Sprite","node":{"__id__":20},"_materials":[{"__uuid__":"ecpdLyjvZBwrvm+cedCcQy"}],"_spriteFrame":{"__uuid__":"20gS8SBqFPuIWxSAFobE5T"},"_type":1,"_sizeMode":0},{"__type__":"cc.Widget","node":{"__id__":20},"alignMode":0,"_alignFlags":45,"_left":7.5,"_right":7.5,"_top":12.5,"_bottom":12.5,"_originalWidth":100,"_originalHeight":40}],"_contentSize":{"__type__":"cc.Size","width":95,"height":160},"_trs":{"__type__":"TypedArray","ctor":"Float64Array","array":[0,0,0,0,0,0,1,1,1,1]}},{"__type__":"cc.Node","_name":"btn_act","_parent":{"__id__":2},"_children":[{"__id__":22}],"_components":[{"__type__":"cc.Button","node":{"__id__":21},"_normalMaterial":{"__uuid__":"ecpdLyjvZBwrvm+cedCcQy"},"clickEvents":[{"__type__":"cc.ClickEvent","target":{"__id__":21},"_componentId":"43b1eh/0iVKjaukoJ2mBDxE","handler":"clickbtn_act_up"}],"_N$transition":2,"transition":2,"_N$normalColor":{"__type__":"cc.Color","r":230,"g":230,"b":230},"_N$pressedColor":{"__type__":"cc.Color","r":200,"g":200,"b":200},"pressedColor":{"__type__":"cc.Color","r":200,"g":200,"b":200},"_N$disabledColor":{"__type__":"cc.Color","r":120,"g":120,"b":120,"a":200},"_N$normalSprite":{"__uuid__":"44UM0T579Lab5bYfJbbhqm"},"_N$pressedSprite":{"__uuid__":"44UM0T579Lab5bYfJbbhqm"},"pressedSprite":{"__uuid__":"44UM0T579Lab5bYfJbbhqm"},"_N$hoverSprite":{"__uuid__":"44UM0T579Lab5bYfJbbhqm"},"hoverSprite":{"__uuid__":"44UM0T579Lab5bYfJbbhqm"},"_N$disabledSprite":{"__uuid__":"44UM0T579Lab5bYfJbbhqm"},"_N$target":{"__id__":22}},{"__type__":"43b1eh/0iVKjaukoJ2mBDxE","node":{"__id__":21},"panel":{"__uuid__":"c7O0XRDE9DqJzizPFSjViI"},"root_node":{"__id__":2}}],"_contentSize":{"__type__":"cc.Size","width":134,"height":146},"_trs":{"__type__":"TypedArray","ctor":"Float64Array","array":[475,400,0,0,0,0,1,1,1,1]}},{"__type__":"cc.Node","_name":"Background","_parent":{"__id__":21},"_components":[{"__type__":"cc.Sprite","node":{"__id__":22},"_materials":[{"__uuid__":"ecpdLyjvZBwrvm+cedCcQy"}],"_spriteFrame":{"__uuid__":"44UM0T579Lab5bYfJbbhqm"},"_type":1,"_sizeMode":0},{"__type__":"cc.Widget","node":{"__id__":22},"alignMode":0,"_alignFlags":45,"_originalWidth":100,"_originalHeight":40}],"_contentSize":{"__type__":"cc.Size","width":134,"height":146},"_trs":{"__type__":"TypedArray","ctor":"Float64Array","array":[0,0,0,0,0,0,1,1,1,1]}},{"__type__":"cc.Node","_name":"btn_info","_parent":{"__id__":2},"_children":[{"__id__":24}],"_components":[{"__type__":"cc.Button","node":{"__id__":23},"_normalMaterial":{"__uuid__":"ecpdLyjvZBwrvm+cedCcQy"},"clickEvents":[{"__type__":"cc.ClickEvent","target":{"__id__":23},"_componentId":"43b1eh/0iVKjaukoJ2mBDxE","handler":"clickbtn_info_up"}],"_N$transition":2,"transition":2,"_N$normalColor":{"__type__":"cc.Color","r":230,"g":230,"b":230},"_N$pressedColor":{"__type__":"cc.Color","r":200,"g":200,"b":200},"pressedColor":{"__type__":"cc.Color","r":200,"g":200,"b":200},"_N$disabledColor":{"__type__":"cc.Color","r":120,"g":120,"b":120,"a":200},"_N$normalSprite":{"__uuid__":"06Pwg3ouhD27FXedfDoF/q"},"_N$pressedSprite":{"__uuid__":"06Pwg3ouhD27FXedfDoF/q"},"pressedSprite":{"__uuid__":"06Pwg3ouhD27FXedfDoF/q"},"_N$hoverSprite":{"__uuid__":"06Pwg3ouhD27FXedfDoF/q"},"hoverSprite":{"__uuid__":"06Pwg3ouhD27FXedfDoF/q"},"_N$disabledSprite":{"__uuid__":"06Pwg3ouhD27FXedfDoF/q"},"_N$target":{"__id__":24}},{"__type__":"43b1eh/0iVKjaukoJ2mBDxE","node":{"__id__":23},"panel":{"__uuid__":"c7O0XRDE9DqJzizPFSjViI"},"root_node":{"__id__":2}}],"_contentSize":{"__type__":"cc.Size","width":134,"height":146},"_trs":{"__type__":"TypedArray","ctor":"Float64Array","array":[475,600,0,0,0,0,1,1,1,1]}},{"__type__":"cc.Node","_name":"Background","_parent":{"__id__":23},"_components":[{"__type__":"cc.Sprite","node":{"__id__":24},"_materials":[{"__uuid__":"ecpdLyjvZBwrvm+cedCcQy"}],"_spriteFrame":{"__uuid__":"06Pwg3ouhD27FXedfDoF/q"},"_type":1,"_sizeMode":0},{"__type__":"cc.Widget","node":{"__id__":24},"alignMode":0,"_alignFlags":45,"_originalWidth":100,"_originalHeight":40}],"_contentSize":{"__type__":"cc.Size","width":134,"height":146},"_trs":{"__type__":"TypedArray","ctor":"Float64Array","array":[0,0,0,0,0,0,1,1,1,1]}},{"__type__":"cc.Node","_name":"btn_mail","_parent":{"__id__":2},"_children":[{"__id__":26}],"_components":[{"__type__":"cc.Button","node":{"__id__":25},"_normalMaterial":{"__uuid__":"ecpdLyjvZBwrvm+cedCcQy"},"clickEvents":[{"__type__":"cc.ClickEvent","target":{"__id__":25},"_componentId":"b73951cpFtGmqZuXugGwOid","handler":"clickbtn_mail_up"}],"_N$transition":2,"transition":2,"_N$normalColor":{"__type__":"cc.Color","r":230,"g":230,"b":230},"_N$pressedColor":{"__type__":"cc.Color","r":200,"g":200,"b":200},"pressedColor":{"__type__":"cc.Color","r":200,"g":200,"b":200},"_N$disabledColor":{"__type__":"cc.Color","r":120,"g":120,"b":120,"a":200},"_N$target":{"__id__":26}},{"__type__":"b73951cpFtGmqZuXugGwOid","node":{"__id__":25},"panel":{"__uuid__":"c7O0XRDE9DqJzizPFSjViI"},"root_node":{"__id__":2}}],"_contentSize":{"__type__":"cc.Size","width":120,"height":100},"_trs":{"__type__":"TypedArray","ctor":"Float64Array","array":[-285.233,-828.209,0,0,0,0,1,1,1,1]}},{"__type__":"cc.Node","_name":"Background","_parent":{"__id__":25},"_components":[{"__type__":"cc.Sprite","node":{"__id__":26},"_materials":[{"__uuid__":"ecpdLyjvZBwrvm+cedCcQy"}],"_type":1,"_sizeMode":0},{"__type__":"cc.Widget","node":{"__id__":26},"alignMode":0,"_alignFlags":45,"_originalWidth":100,"_originalHeight":40}],"_contentSize":{"__type__":"cc.Size","width":120,"height":100},"_trs":{"__type__":"TypedArray","ctor":"Float64Array","array":[0,0,0,0,0,0,1,1,1,1]}},{"__type__":"cc.Node","_name":"btn_pic","_parent":{"__id__":2},"_children":[{"__id__":28}],"_components":[{"__type__":"cc.Button","node":{"__id__":27},"_normalMaterial":{"__uuid__":"ecpdLyjvZBwrvm+cedCcQy"},"clickEvents":[{"__type__":"cc.ClickEvent","target":{"__id__":2},"_componentId":"e6e52KcukNLtb5dgHKH6pj3","handler":"topic"}],"_N$transition":2,"transition":2,"_N$normalColor":{"__type__":"cc.Color","r":230,"g":230,"b":230},"_N$pressedColor":{"__type__":"cc.Color","r":200,"g":200,"b":200},"pressedColor":{"__type__":"cc.Color","r":200,"g":200,"b":200},"_N$disabledColor":{"__type__":"cc.Color","r":120,"g":120,"b":120,"a":200},"_N$target":{"__id__":28}}],"_contentSize":{"__type__":"cc.Size","width":300,"height":300},"_trs":{"__type__":"TypedArray","ctor":"Float64Array","array":[-371.332,325.214,0,0,0,0,1,1,1,1]}},{"__type__":"cc.Node","_name":"Background","_parent":{"__id__":27},"_components":[{"__type__":"cc.Sprite","node":{"__id__":28},"_materials":[{"__uuid__":"ecpdLyjvZBwrvm+cedCcQy"}],"_type":1,"_sizeMode":0},{"__type__":"cc.Widget","node":{"__id__":28},"alignMode":0,"_alignFlags":45,"_originalWidth":100,"_originalHeight":40}],"_contentSize":{"__type__":"cc.Size","width":300,"height":300},"_trs":{"__type__":"TypedArray","ctor":"Float64Array","array":[0,0,0,0,0,0,1,1,1,1]}},{"__type__":"cc.Node","_name":"coin","_parent":{"__id__":2},"_children":[{"__id__":30},{"__id__":31},{"__id__":32},{"__id__":33}],"_components":[{"__type__":"cc.Sprite","node":{"__id__":29},"_materials":[{"__uuid__":"ecpdLyjvZBwrvm+cedCcQy"}]}],"_prefab":{"__type__":"cc.PrefabInfo","root":{"__id__":29},"asset":{"__uuid__":"53GXOmPiRCDZNAM8cG8GsS"},"fileId":"3bl82qWVNE4rN6arClq0it"},"_contentSize":{"__type__":"cc.Size","width":40,"height":36},"_trs":{"__type__":"TypedArray","ctor":"Float64Array","array":[-417.719,900,0,0,0,0,1,1,1,1]}},{"__type__":"cc.Node","_name":"coin_bg","_parent":{"__id__":29},"_components":[{"__type__":"cc.Sprite","node":{"__id__":30},"_materials":[{"__uuid__":"ecpdLyjvZBwrvm+cedCcQy"}],"_spriteFrame":{"__uuid__":"74jKncv/REhqxnfAWPXXUX"},"_sizeMode":0}],"_prefab":{"__type__":"cc.PrefabInfo","root":{"__id__":29},"asset":{"__uuid__":"53GXOmPiRCDZNAM8cG8GsS"},"fileId":"813BAXlbZIoaAxJ5oaRqZO"},"_contentSize":{"__type__":"cc.Size","width":325,"height":126},"_trs":{"__type__":"TypedArray","ctor":"Float64Array","array":[0,0,0,0,0,0,1,1,1,1]}},{"__type__":"cc.Node","_name":"icon","_parent":{"__id__":29},"_components":[{"__type__":"cc.Sprite","node":{"__id__":31},"_materials":[{"__uuid__":"ecpdLyjvZBwrvm+cedCcQy"}],"_spriteFrame":{"__uuid__":"04R/q7F9RN3q9LWb8JmJ4O"},"_sizeMode":0}],"_prefab":{"__type__":"cc.PrefabInfo","root":{"__id__":29},"asset":{"__uuid__":"53GXOmPiRCDZNAM8cG8GsS"},"fileId":"38B12Zr2lDdqL+d2dxy2yG"},"_contentSize":{"__type__":"cc.Size","width":160,"height":175},"_trs":{"__type__":"TypedArray","ctor":"Float64Array","array":[-89.058,-7.822,0,0,0,0,1,1,1,1]}},{"__type__":"cc.Node","_name":"coin","_parent":{"__id__":29},"_components":[{"__type__":"cc.Sprite","node":{"__id__":32},"_materials":[{"__uuid__":"ecpdLyjvZBwrvm+cedCcQy"}],"_spriteFrame":{"__uuid__":"81ypcBPCpKZqJ49wu6YT9d"},"_sizeMode":0}],"_prefab":{"__type__":"cc.PrefabInfo","root":{"__id__":29},"asset":{"__uuid__":"53GXOmPiRCDZNAM8cG8GsS"},"fileId":"c0Y2AoadRK75kcg+Qk/RlQ"},"_contentSize":{"__type__":"cc.Size","width":60,"height":60},"_trs":{"__type__":"TypedArray","ctor":"Float64Array","array":[37.232,0,0,0,0,0,1,1,1,1]}},{"__type__":"cc.Node","_name":"amount","_parent":{"__id__":29},"_components":[{"__id__":34}],"_prefab":{"__type__":"cc.PrefabInfo","root":{"__id__":29},"asset":{"__uuid__":"53GXOmPiRCDZNAM8cG8GsS"},"fileId":"0c5EXhlKhMMqczISpFwd82"},"_contentSize":{"__type__":"cc.Size","width":33.37,"height":50.4},"_trs":{"__type__":"TypedArray","ctor":"Float64Array","array":[105,0,0,0,0,0,1,1,1,1]}},{"__type__":"cc.Label","node":{"__id__":33},"_materials":[{"__uuid__":"ecpdLyjvZBwrvm+cedCcQy"}],"_useOriginalSize":false,"_string":"8","_N$string":"8","_fontSize":60,"_N$horizontalAlign":1,"_N$verticalAlign":1},{"__type__":"cc.Node","_name":"load","_parent":{"__id__":2},"_children":[{"__id__":36},{"__id__":37},{"__id__":38},{"__id__":39}],"_components":[{"__type__":"cc.Sprite","node":{"__id__":35},"_materials":[{"__uuid__":"ecpdLyjvZBwrvm+cedCcQy"}]}],"_contentSize":{"__type__":"cc.Size","width":40,"height":36},"_trs":{"__type__":"TypedArray","ctor":"Float64Array","array":[0,0,0,0,0,0,1,1,1,1]}},{"__type__":"cc.Node","_name":"load4","_parent":{"__id__":35},"_components":[{"__type__":"cc.Sprite","node":{"__id__":36},"_materials":[{"__uuid__":"ecpdLyjvZBwrvm+cedCcQy"}],"_spriteFrame":{"__uuid__":"e83SUekJpJPJ4YSibDftKX"}}],"_contentSize":{"__type__":"cc.Size","width":1242,"height":733},"_trs":{"__type__":"TypedArray","ctor":"Float64Array","array":[0,980,0,0,0,0,1,1,1,1]}},{"__type__":"cc.Node","_name":"load3","_parent":{"__id__":35},"_components":[{"__type__":"cc.Sprite","node":{"__id__":37},"_materials":[{"__uuid__":"ecpdLyjvZBwrvm+cedCcQy"}],"_spriteFrame":{"__uuid__":"39Cn0miJ9GUa2GHof5tHWR"}}],"_contentSize":{"__type__":"cc.Size","width":1221,"height":1810},"_trs":{"__type__":"TypedArray","ctor":"Float64Array","array":[15,144,0,0,0,0,1,1,1,1]}},{"__type__":"cc.Node","_name":"load2","_parent":{"__id__":35},"_components":[{"__type__":"cc.Sprite","node":{"__id__":38},"_materials":[{"__uuid__":"ecpdLyjvZBwrvm+cedCcQy"}],"_spriteFrame":{"__uuid__":"b0f43JvIJCE5Z3WWLshKM3"}}],"_contentSize":{"__type__":"cc.Size","width":933,"height":2414},"_trs":{"__type__":"TypedArray","ctor":"Float64Array","array":[-155,-140,0,0,0,0,1,1,1,1]}},{"__type__":"cc.Node","_name":"load1","_parent":{"__id__":35},"_components":[{"__type__":"cc.Sprite","node":{"__id__":39},"_materials":[{"__uuid__":"ecpdLyjvZBwrvm+cedCcQy"}],"_spriteFrame":{"__uuid__":"76QRFuHAdHHp18stZway92"}}],"_contentSize":{"__type__":"cc.Size","width":1172,"height":893},"_trs":{"__type__":"TypedArray","ctor":"Float64Array","array":[40,-922,0,0,0,0,1,1,1,1]}}],{"__type__":"cc.SpriteFrame","content":{"name":"鸡影子","texture":"b22ErI6ORO2b2GCNYLBn9V","rect":[0,0,690,364],"offset":[0,0],"originalSize":[690,364],"capInsets":[0,0,0,0]}},{"__type__":"cc.SpriteFrame","content":{"name":"房子鸡","texture":"48sCCwMM9Cv4zatZXFw4Tz","rect":[9,4,865,900],"offset":[-0.5,6],"originalSize":[884,920],"capInsets":[0,0,0,0]}}]