[[{"__type__":"cc.SceneAsset","_name":"friend","scene":{"__id__":1},"asyncLoadAssets":null},{"__type__":"cc.Scene","_name":"New Node","_children":[{"__id__":2}],"_active":false,"_anchorPoint":{"__type__":"cc.Vec2"},"_trs":{"__type__":"TypedArray","ctor":"Float64Array","array":[0,0,0,0,0,0,1,1,1,1]},"autoReleaseAssets":false},{"__type__":"cc.Node","_name":"Canvas","_parent":{"__id__":1},"_children":[{"__id__":3},{"__id__":4},{"__id__":9},{"__id__":15},{"__id__":17},{"__id__":31},{"__id__":33},{"__id__":35},{"__id__":41},{"__id__":43},{"__id__":27},{"__id__":20}],"_components":[{"__type__":"cc.Canvas","node":{"__id__":2},"_designResolution":{"__type__":"cc.Size","width":1242,"height":2688}},{"__type__":"35d9dElkxFFjLAT1Yd34akB","node":{"__id__":2},"load1":{"__id__":24},"load2":{"__id__":23},"load3":{"__id__":22},"load4":{"__id__":21},"root_node":{"__id__":2},"coins":{"__id__":25}}],"_contentSize":{"__type__":"cc.Size","width":1242,"height":2688},"_trs":{"__type__":"TypedArray","ctor":"Float64Array","array":[621,1344,0,0,0,0,1,1,1,1]},"_id":"07AnhIhpxJF6GdveCrLi1y"},{"__type__":"cc.Node","_name":"Main Camera","_parent":{"__id__":2},"_components":[{"__type__":"cc.Camera","node":{"__id__":3},"_clearFlags":7,"_depth":-1}],"_contentSize":{"__type__":"cc.Size","width":1242,"height":2688},"_trs":{"__type__":"TypedArray","ctor":"Float64Array","array":[0,0,527.4094709047232,0,0,0,1,1,1,1]}},{"__type__":"cc.Node","_name":"main","_parent":{"__id__":2},"_children":[{"__id__":5},{"__id__":6},{"__id__":7},{"__id__":8}],"_components":[{"__type__":"cc.Sprite","node":{"__id__":4},"_materials":[{"__uuid__":"ecpdLyjvZBwrvm+cedCcQy"}],"_spriteFrame":{"__uuid__":"45GZZIw79MH5JpeRT0IXtz"}},{"__type__":"b4f23zfl4tGGqLIu9Z2htov","node":{"__id__":4},"cloudset":{"__id__":5},"cloud1":{"__id__":6},"cloud2":{"__id__":7}}],"_contentSize":{"__type__":"cc.Size","width":1242,"height":2688},"_trs":{"__type__":"TypedArray","ctor":"Float64Array","array":[0,0,0,0,0,0,1,1,1,1]}},{"__type__":"cc.Node","_name":"cloud_set","_parent":{"__id__":4},"_components":[{"__type__":"cc.Sprite","node":{"__id__":5},"_materials":[{"__uuid__":"ecpdLyjvZBwrvm+cedCcQy"}],"_spriteFrame":{"__uuid__":"39XTw0nMFLYJhDv+KYM1Jc"}}],"_contentSize":{"__type__":"cc.Size","width":761,"height":315},"_trs":{"__type__":"TypedArray","ctor":"Float64Array","array":[260.005,257.489,0,0,0,0,1,1,1,1]}},{"__type__":"cc.Node","_name":"cloud1","_parent":{"__id__":4},"_components":[{"__type__":"cc.Sprite","node":{"__id__":6},"_materials":[{"__uuid__":"ecpdLyjvZBwrvm+cedCcQy"}],"_spriteFrame":{"__uuid__":"f9tSFwSyZGpJSDWzAgmYkD"}}],"_contentSize":{"__type__":"cc.Size","width":261,"height":100},"_trs":{"__type__":"TypedArray","ctor":"Float64Array","array":[-332.007,596.013,0,0,0,0,1,1,1,1]}},{"__type__":"cc.Node","_name":"cloud2","_parent":{"__id__":4},"_components":[{"__type__":"cc.Sprite","node":{"__id__":7},"_materials":[{"__uuid__":"ecpdLyjvZBwrvm+cedCcQy"}],"_spriteFrame":{"__uuid__":"08Ffe6KJFJUaO1zo5/4god"}}],"_contentSize":{"__type__":"cc.Size","width":89,"height":44},"_trs":{"__type__":"TypedArray","ctor":"Float64Array","array":[-464.011,280.006,0,0,0,0,1,1,1,1]}},{"__type__":"cc.Node","_name":"tree","_parent":{"__id__":4},"_components":[{"__type__":"cc.Sprite","node":{"__id__":8},"_materials":[{"__uuid__":"ecpdLyjvZBwrvm+cedCcQy"}],"_spriteFrame":{"__uuid__":"d53ru5R2lNA7os2XDv0ufo"}}],"_contentSize":{"__type__":"cc.Size","width":1242,"height":967},"_trs":{"__type__":"TypedArray","ctor":"Float64Array","array":[0,860,0,0,0,0,1,1,1,1]}},{"__type__":"cc.Node","_name":"btn_gengeral","_parent":{"__id__":2},"_children":[{"__id__":10},{"__id__":12},{"__id__":14}],"_trs":{"__type__":"TypedArray","ctor":"Float64Array","array":[450,1100,0,0,0,0,1,1,1,1]}},{"__type__":"cc.Node","_name":"exit","_parent":{"__id__":9},"_children":[{"__id__":11}],"_components":[{"__type__":"cc.Button","node":{"__id__":10},"_normalMaterial":{"__uuid__":"ecpdLyjvZBwrvm+cedCcQy"},"clickEvents":[{"__type__":"cc.ClickEvent","target":{"__id__":2},"_componentId":"35d9dElkxFFjLAT1Yd34akB","handler":"clickbtn_exit"}],"_N$transition":2,"transition":2,"_N$normalColor":{"__type__":"cc.Color","r":230,"g":230,"b":230},"_N$pressedColor":{"__type__":"cc.Color","r":200,"g":200,"b":200},"pressedColor":{"__type__":"cc.Color","r":200,"g":200,"b":200},"_N$disabledColor":{"__type__":"cc.Color","r":120,"g":120,"b":120,"a":200},"_N$normalSprite":{"__uuid__":"cfTARQl41PJIPHYDUtRnG6"},"_N$pressedSprite":{"__uuid__":"cfTARQl41PJIPHYDUtRnG6"},"pressedSprite":{"__uuid__":"cfTARQl41PJIPHYDUtRnG6"},"_N$hoverSprite":{"__uuid__":"cfTARQl41PJIPHYDUtRnG6"},"hoverSprite":{"__uuid__":"cfTARQl41PJIPHYDUtRnG6"},"_N$disabledSprite":{"__uuid__":"cfTARQl41PJIPHYDUtRnG6"},"_N$target":{"__id__":11}}],"_contentSize":{"__type__":"cc.Size","width":70,"height":70},"_trs":{"__type__":"TypedArray","ctor":"Float64Array","array":[62,0,0,0,0,0,1,1,1,1]}},{"__type__":"cc.Node","_name":"Background","_parent":{"__id__":10},"_components":[{"__type__":"cc.Sprite","node":{"__id__":11},"_materials":[{"__uuid__":"ecpdLyjvZBwrvm+cedCcQy"}],"_spriteFrame":{"__uuid__":"cfTARQl41PJIPHYDUtRnG6"},"_type":1,"_sizeMode":0},{"__type__":"cc.Widget","node":{"__id__":11},"alignMode":0,"_alignFlags":45,"_originalWidth":100,"_originalHeight":40}],"_contentSize":{"__type__":"cc.Size","width":70,"height":70},"_trs":{"__type__":"TypedArray","ctor":"Float64Array","array":[0,0,0,0,0,0,1,1,1,1]}},{"__type__":"cc.Node","_name":"more","_parent":{"__id__":9},"_children":[{"__id__":13}],"_components":[{"__type__":"cc.Button","node":{"__id__":12},"_normalMaterial":{"__uuid__":"ecpdLyjvZBwrvm+cedCcQy"},"_N$transition":2,"transition":2,"_N$normalColor":{"__type__":"cc.Color","r":230,"g":230,"b":230},"_N$pressedColor":{"__type__":"cc.Color","r":200,"g":200,"b":200},"pressedColor":{"__type__":"cc.Color","r":200,"g":200,"b":200},"_N$disabledColor":{"__type__":"cc.Color","r":120,"g":120,"b":120,"a":200},"_N$normalSprite":{"__uuid__":"44YxMBAZpEE4ERnDYsAjDT"},"_N$pressedSprite":{"__uuid__":"44YxMBAZpEE4ERnDYsAjDT"},"pressedSprite":{"__uuid__":"44YxMBAZpEE4ERnDYsAjDT"},"_N$hoverSprite":{"__uuid__":"44YxMBAZpEE4ERnDYsAjDT"},"hoverSprite":{"__uuid__":"44YxMBAZpEE4ERnDYsAjDT"},"_N$disabledSprite":{"__uuid__":"44YxMBAZpEE4ERnDYsAjDT"},"_N$target":{"__id__":13}}],"_contentSize":{"__type__":"cc.Size","width":100,"height":40},"_trs":{"__type__":"TypedArray","ctor":"Float64Array","array":[-62,0,0,0,0,0,1,1,1,1]}},{"__type__":"cc.Node","_name":"Background","_parent":{"__id__":12},"_components":[{"__type__":"cc.Sprite","node":{"__id__":13},"_materials":[{"__uuid__":"ecpdLyjvZBwrvm+cedCcQy"}],"_spriteFrame":{"__uuid__":"44YxMBAZpEE4ERnDYsAjDT"},"_type":1,"_sizeMode":0},{"__type__":"cc.Widget","node":{"__id__":13},"alignMode":0,"_alignFlags":45,"_left":10,"_right":10,"_top":12.5,"_bottom":12.5,"_originalWidth":100,"_originalHeight":40}],"_contentSize":{"__type__":"cc.Size","width":80,"height":15},"_trs":{"__type__":"TypedArray","ctor":"Float64Array","array":[0,0,0,0,0,0,1,1,1,1]}},{"__type__":"cc.Node","_name":"btn_exit_bg","_parent":{"__id__":9},"_components":[{"__type__":"cc.Sprite","node":{"__id__":14},"_materials":[{"__uuid__":"ecpdLyjvZBwrvm+cedCcQy"}],"_spriteFrame":{"__uuid__":"e8mSVY3GhMP7dMze4eaw8H"},"_sizeMode":0}],"_contentSize":{"__type__":"cc.Size","width":250,"height":100},"_trs":{"__type__":"TypedArray","ctor":"Float64Array","array":[0,0,0,0,0,0,1,1,1,1]}},{"__type__":"cc.Node","_name":"apple","_parent":{"__id__":2},"_children":[{"__id__":16}],"_components":[{"__type__":"cc.Button","node":{"__id__":15},"_normalMaterial":{"__uuid__":"ecpdLyjvZBwrvm+cedCcQy"},"_N$transition":2,"transition":2,"_N$normalColor":{"__type__":"cc.Color","r":230,"g":230,"b":230},"_N$pressedColor":{"__type__":"cc.Color","r":200,"g":200,"b":200},"pressedColor":{"__type__":"cc.Color","r":200,"g":200,"b":200},"_N$disabledColor":{"__type__":"cc.Color","r":120,"g":120,"b":120,"a":200},"_N$normalSprite":{"__uuid__":"71ZVGiQDpOQZTTuHPY7jHx"},"_N$pressedSprite":{"__uuid__":"71ZVGiQDpOQZTTuHPY7jHx"},"pressedSprite":{"__uuid__":"71ZVGiQDpOQZTTuHPY7jHx"},"_N$hoverSprite":{"__uuid__":"71ZVGiQDpOQZTTuHPY7jHx"},"hoverSprite":{"__uuid__":"71ZVGiQDpOQZTTuHPY7jHx"},"_N$disabledSprite":{"__uuid__":"71ZVGiQDpOQZTTuHPY7jHx"},"_N$target":{"__id__":16}}],"_contentSize":{"__type__":"cc.Size","width":100,"height":40},"_trs":{"__type__":"TypedArray","ctor":"Float64Array","array":[-75.258,788.705,0,0,0,0,1,1,1,1]}},{"__type__":"cc.Node","_name":"Background","_parent":{"__id__":15},"_components":[{"__type__":"cc.Sprite","node":{"__id__":16},"_materials":[{"__uuid__":"ecpdLyjvZBwrvm+cedCcQy"}],"_spriteFrame":{"__uuid__":"71ZVGiQDpOQZTTuHPY7jHx"},"_type":1,"_sizeMode":0},{"__type__":"cc.Widget","node":{"__id__":16},"alignMode":0,"_alignFlags":45,"_left":15,"_right":15,"_top":-20,"_bottom":-20,"_originalWidth":100,"_originalHeight":40}],"_contentSize":{"__type__":"cc.Size","width":70,"height":80},"_trs":{"__type__":"TypedArray","ctor":"Float64Array","array":[0,0,0,0,0,0,1,1,1,1]}},{"__type__":"cc.Node","_name":"goto","_parent":{"__id__":2},"_children":[{"__id__":18}],"_active":false,"_trs":{"__type__":"TypedArray","ctor":"Float64Array","array":[0,0,0,0,0,0,1,1,1,1]}},{"__type__":"cc.Node","_name":"gotohouse","_parent":{"__id__":17},"_children":[{"__id__":19}],"_components":[{"__type__":"cc.Button","node":{"__id__":18},"_normalMaterial":{"__uuid__":"ecpdLyjvZBwrvm+cedCcQy"},"clickEvents":[{"__type__":"cc.ClickEvent","target":{"__id__":20},"_componentId":"deb92VEUiJF1oxpvaKdf3kk","handler":"tohouse"}],"_N$transition":2,"transition":2,"_N$normalColor":{"__type__":"cc.Color","r":230,"g":230,"b":230},"_N$pressedColor":{"__type__":"cc.Color","r":200,"g":200,"b":200},"pressedColor":{"__type__":"cc.Color","r":200,"g":200,"b":200},"_N$disabledColor":{"__type__":"cc.Color","r":120,"g":120,"b":120,"a":200},"_N$target":{"__id__":19}}],"_opacity":0,"_contentSize":{"__type__":"cc.Size","width":200,"height":300},"_trs":{"__type__":"TypedArray","ctor":"Float64Array","array":[-379.322,-372.723,0,0,0,0,1,1,1,1]}},{"__type__":"cc.Node","_name":"Background","_parent":{"__id__":18},"_components":[{"__type__":"cc.Sprite","node":{"__id__":19},"_materials":[{"__uuid__":"ecpdLyjvZBwrvm+cedCcQy"}],"_spriteFrame":{"__uuid__":"f0BIwQ8D5Ml7nTNQbh1YlS"},"_type":1,"_sizeMode":0},{"__type__":"cc.Widget","node":{"__id__":19},"alignMode":0,"_alignFlags":45,"_originalWidth":100,"_originalHeight":40}],"_contentSize":{"__type__":"cc.Size","width":200,"height":300},"_trs":{"__type__":"TypedArray","ctor":"Float64Array","array":[0,0,0,0,0,0,1,1,1,1]}},{"__type__":"cc.Node","_name":"load_cloud","_parent":{"__id__":2},"_children":[{"__id__":21},{"__id__":22},{"__id__":23},{"__id__":24}],"_components":[{"__type__":"cc.Sprite","node":{"__id__":20},"_materials":[{"__uuid__":"ecpdLyjvZBwrvm+cedCcQy"}]},{"__type__":"deb92VEUiJF1oxpvaKdf3kk","node":{"__id__":20},"load1":{"__id__":24},"load2":{"__id__":23},"load3":{"__id__":22},"load4":{"__id__":21},"load":{"__id__":20},"inform_item":{"__uuid__":"584IYkke1DY7xmT8oWfnNf"},"root_node":{"__id__":2},"coins":{"__id__":25}}],"_contentSize":{"__type__":"cc.Size","width":40,"height":36},"_trs":{"__type__":"TypedArray","ctor":"Float64Array","array":[0,0,0,0,0,0,1,1,1,1]}},{"__type__":"cc.Node","_name":"load4","_parent":{"__id__":20},"_components":[{"__type__":"cc.Sprite","node":{"__id__":21},"_materials":[{"__uuid__":"ecpdLyjvZBwrvm+cedCcQy"}],"_spriteFrame":{"__uuid__":"e83SUekJpJPJ4YSibDftKX"}}],"_contentSize":{"__type__":"cc.Size","width":1242,"height":733},"_trs":{"__type__":"TypedArray","ctor":"Float64Array","array":[0,980,0,0,0,0,1,1,1,1]}},{"__type__":"cc.Node","_name":"load3","_parent":{"__id__":20},"_components":[{"__type__":"cc.Sprite","node":{"__id__":22},"_materials":[{"__uuid__":"ecpdLyjvZBwrvm+cedCcQy"}],"_spriteFrame":{"__uuid__":"39Cn0miJ9GUa2GHof5tHWR"}}],"_contentSize":{"__type__":"cc.Size","width":1221,"height":1810},"_trs":{"__type__":"TypedArray","ctor":"Float64Array","array":[15,144,0,0,0,0,1,1,1,1]}},{"__type__":"cc.Node","_name":"load2","_parent":{"__id__":20},"_components":[{"__type__":"cc.Sprite","node":{"__id__":23},"_materials":[{"__uuid__":"ecpdLyjvZBwrvm+cedCcQy"}],"_spriteFrame":{"__uuid__":"b0f43JvIJCE5Z3WWLshKM3"}}],"_contentSize":{"__type__":"cc.Size","width":933,"height":2414},"_trs":{"__type__":"TypedArray","ctor":"Float64Array","array":[-155,-140,0,0,0,0,1,1,1,1]}},{"__type__":"cc.Node","_name":"load1","_parent":{"__id__":20},"_components":[{"__type__":"cc.Sprite","node":{"__id__":24},"_materials":[{"__uuid__":"ecpdLyjvZBwrvm+cedCcQy"}],"_spriteFrame":{"__uuid__":"76QRFuHAdHHp18stZway92"}}],"_contentSize":{"__type__":"cc.Size","width":1172,"height":893},"_trs":{"__type__":"TypedArray","ctor":"Float64Array","array":[40,-922,0,0,0,0,1,1,1,1]}},{"__type__":"cc.Label","node":{"__id__":26},"_materials":[{"__uuid__":"ecpdLyjvZBwrvm+cedCcQy"}],"_useOriginalSize":false,"_string":"8","_N$string":"8","_fontSize":60,"_N$horizontalAlign":1,"_N$verticalAlign":1},{"__type__":"cc.Node","_name":"amount","_parent":{"__id__":27},"_components":[{"__id__":25}],"_contentSize":{"__type__":"cc.Size","width":33.37,"height":50.4},"_trs":{"__type__":"TypedArray","ctor":"Float64Array","array":[105,0,0,0,0,0,1,1,1,1]}},{"__type__":"cc.Node","_name":"coin","_parent":{"__id__":2},"_children":[{"__id__":28},{"__id__":29},{"__id__":30},{"__id__":26}],"_components":[{"__type__":"cc.Sprite","node":{"__id__":27},"_materials":[{"__uuid__":"ecpdLyjvZBwrvm+cedCcQy"}]}],"_contentSize":{"__type__":"cc.Size","width":40,"height":36},"_trs":{"__type__":"TypedArray","ctor":"Float64Array","array":[-417.719,900,0,0,0,0,1,1,1,1]}},{"__type__":"cc.Node","_name":"coin_bg","_parent":{"__id__":27},"_components":[{"__type__":"cc.Sprite","node":{"__id__":28},"_materials":[{"__uuid__":"ecpdLyjvZBwrvm+cedCcQy"}],"_spriteFrame":{"__uuid__":"74jKncv/REhqxnfAWPXXUX"},"_sizeMode":0}],"_contentSize":{"__type__":"cc.Size","width":325,"height":126},"_trs":{"__type__":"TypedArray","ctor":"Float64Array","array":[0,0,0,0,0,0,1,1,1,1]}},{"__type__":"cc.Node","_name":"icon","_parent":{"__id__":27},"_components":[{"__type__":"cc.Sprite","node":{"__id__":29},"_materials":[{"__uuid__":"ecpdLyjvZBwrvm+cedCcQy"}],"_spriteFrame":{"__uuid__":"04R/q7F9RN3q9LWb8JmJ4O"},"_sizeMode":0}],"_contentSize":{"__type__":"cc.Size","width":160,"height":175},"_trs":{"__type__":"TypedArray","ctor":"Float64Array","array":[-89.058,-7.822,0,0,0,0,1,1,1,1]}},{"__type__":"cc.Node","_name":"coin","_parent":{"__id__":27},"_components":[{"__type__":"cc.Sprite","node":{"__id__":30},"_materials":[{"__uuid__":"ecpdLyjvZBwrvm+cedCcQy"}],"_spriteFrame":{"__uuid__":"81ypcBPCpKZqJ49wu6YT9d"},"_sizeMode":0}],"_contentSize":{"__type__":"cc.Size","width":60,"height":60},"_trs":{"__type__":"TypedArray","ctor":"Float64Array","array":[37.232,0,0,0,0,0,1,1,1,1]}},{"__type__":"cc.Node","_name":"btn_bag","_parent":{"__id__":2},"_children":[{"__id__":32}],"_active":false,"_components":[{"__type__":"cc.Button","node":{"__id__":31},"_normalMaterial":{"__uuid__":"ecpdLyjvZBwrvm+cedCcQy"},"clickEvents":[{"__type__":"cc.ClickEvent","target":{"__id__":31},"_componentId":"43b1eh/0iVKjaukoJ2mBDxE","handler":"clickbtn_bag_up"}],"_N$transition":2,"transition":2,"_N$normalColor":{"__type__":"cc.Color","r":230,"g":230,"b":230},"_N$pressedColor":{"__type__":"cc.Color","r":200,"g":200,"b":200},"pressedColor":{"__type__":"cc.Color","r":200,"g":200,"b":200},"_N$disabledColor":{"__type__":"cc.Color","r":120,"g":120,"b":120,"a":200},"_N$normalSprite":{"__uuid__":"9eI0dUh1xMHb3mi8mdxed8"},"_N$pressedSprite":{"__uuid__":"9eI0dUh1xMHb3mi8mdxed8"},"pressedSprite":{"__uuid__":"9eI0dUh1xMHb3mi8mdxed8"},"_N$hoverSprite":{"__uuid__":"9eI0dUh1xMHb3mi8mdxed8"},"hoverSprite":{"__uuid__":"9eI0dUh1xMHb3mi8mdxed8"},"_N$disabledSprite":{"__uuid__":"9eI0dUh1xMHb3mi8mdxed8"},"_N$target":{"__id__":32}},{"__type__":"43b1eh/0iVKjaukoJ2mBDxE","node":{"__id__":31},"panel":{"__uuid__":"c7O0XRDE9DqJzizPFSjViI"},"root_node":{"__id__":2}}],"_contentSize":{"__type__":"cc.Size","width":134,"height":146},"_trs":{"__type__":"TypedArray","ctor":"Float64Array","array":[475,0,0,0,0,0,1,1,1,1]}},{"__type__":"cc.Node","_name":"Background","_parent":{"__id__":31},"_components":[{"__type__":"cc.Sprite","node":{"__id__":32},"_materials":[{"__uuid__":"ecpdLyjvZBwrvm+cedCcQy"}],"_spriteFrame":{"__uuid__":"9eI0dUh1xMHb3mi8mdxed8"},"_type":1,"_sizeMode":0},{"__type__":"cc.Widget","node":{"__id__":32},"alignMode":0,"_alignFlags":45,"_originalWidth":100,"_originalHeight":40}],"_contentSize":{"__type__":"cc.Size","width":134,"height":146},"_trs":{"__type__":"TypedArray","ctor":"Float64Array","array":[0,0,0,0,0,0,1,1,1,1]}},{"__type__":"cc.Node","_name":"btn_friend","_parent":{"__id__":2},"_children":[{"__id__":34}],"_active":false,"_components":[{"__type__":"cc.Button","node":{"__id__":33},"_normalMaterial":{"__uuid__":"ecpdLyjvZBwrvm+cedCcQy"},"clickEvents":[{"__type__":"cc.ClickEvent","target":{"__id__":33},"_componentId":"43b1eh/0iVKjaukoJ2mBDxE","handler":"clickbtn_friend_up"}],"_N$transition":2,"transition":2,"_N$normalColor":{"__type__":"cc.Color","r":230,"g":230,"b":230},"_N$pressedColor":{"__type__":"cc.Color","r":200,"g":200,"b":200},"pressedColor":{"__type__":"cc.Color","r":200,"g":200,"b":200},"_N$disabledColor":{"__type__":"cc.Color","r":120,"g":120,"b":120,"a":200},"_N$normalSprite":{"__uuid__":"9dUBZuxkFF7ZxI9h9saHbk"},"_N$pressedSprite":{"__uuid__":"9dUBZuxkFF7ZxI9h9saHbk"},"pressedSprite":{"__uuid__":"9dUBZuxkFF7ZxI9h9saHbk"},"_N$hoverSprite":{"__uuid__":"9dUBZuxkFF7ZxI9h9saHbk"},"hoverSprite":{"__uuid__":"9dUBZuxkFF7ZxI9h9saHbk"},"_N$disabledSprite":{"__uuid__":"9dUBZuxkFF7ZxI9h9saHbk"},"_N$target":{"__id__":34}},{"__type__":"43b1eh/0iVKjaukoJ2mBDxE","node":{"__id__":33},"panel":{"__uuid__":"c7O0XRDE9DqJzizPFSjViI"},"root_node":{"__id__":2}}],"_contentSize":{"__type__":"cc.Size","width":134,"height":146},"_trs":{"__type__":"TypedArray","ctor":"Float64Array","array":[475,200,0,0,0,0,1,1,1,1]}},{"__type__":"cc.Node","_name":"Background","_parent":{"__id__":33},"_components":[{"__type__":"cc.Sprite","node":{"__id__":34},"_materials":[{"__uuid__":"ecpdLyjvZBwrvm+cedCcQy"}],"_spriteFrame":{"__uuid__":"9dUBZuxkFF7ZxI9h9saHbk"},"_type":1,"_sizeMode":0},{"__type__":"cc.Widget","node":{"__id__":34},"alignMode":0,"_alignFlags":45,"_originalWidth":100,"_originalHeight":40}],"_contentSize":{"__type__":"cc.Size","width":134,"height":146},"_trs":{"__type__":"TypedArray","ctor":"Float64Array","array":[0,0,0,0,0,0,1,1,1,1]}},{"__type__":"cc.Node","_name":"chicken","_parent":{"__id__":2},"_children":[{"__id__":36},{"__id__":37},{"__id__":38},{"__id__":39}],"_components":[{"__type__":"cc.Sprite","node":{"__id__":35},"_materials":[{"__uuid__":"ecpdLyjvZBwrvm+cedCcQy"}]},{"__type__":"798e4PmA6VJlZrUqRZ95ro2","node":{"__id__":35},"heart_item":{"__uuid__":"94rGrVeYlAjZpMyv9NUD31"},"message_item":{"__uuid__":"38QRKGO0JEJqr6O4TlsOmJ"},"root_node":{"__id__":35}}],"_contentSize":{"__type__":"cc.Size","width":40,"height":36},"_trs":{"__type__":"TypedArray","ctor":"Float64Array","array":[0,-1030.481,0,0,0,0,1,0,1,1]}},{"__type__":"cc.Node","_name":"left_leg","_parent":{"__id__":35},"_active":false,"_components":[{"__type__":"cc.Sprite","node":{"__id__":36},"_materials":[{"__uuid__":"ecpdLyjvZBwrvm+cedCcQy"}],"_spriteFrame":{"__uuid__":"c7sr/72NBLkpBwn1YaIQot"},"_sizeMode":0},{"__type__":"651bblt0otH37wm7JvfroYt","node":{"__id__":36}}],"_contentSize":{"__type__":"cc.Size","width":26,"height":36},"_anchorPoint":{"__type__":"cc.Vec2","x":0.5,"y":1},"_trs":{"__type__":"TypedArray","ctor":"Float64Array","array":[-16.381,-66.874,0,0,0,0.17364817766693033,0.984807753012208,1,1,1]},"_eulerAngles":{"__type__":"cc.Vec3","z":20}},{"__type__":"cc.Node","_name":"right_leg","_parent":{"__id__":35},"_active":false,"_components":[{"__type__":"cc.Sprite","node":{"__id__":37},"_materials":[{"__uuid__":"ecpdLyjvZBwrvm+cedCcQy"}],"_spriteFrame":{"__uuid__":"b8SlIhwn9EObSZP53CSvRO"},"_sizeMode":0},{"__type__":"20551wiUDND67t14iJ/WAWG","node":{"__id__":37}}],"_contentSize":{"__type__":"cc.Size","width":24,"height":40},"_anchorPoint":{"__type__":"cc.Vec2","x":0.5,"y":1},"_trs":{"__type__":"TypedArray","ctor":"Float64Array","array":[7.216,-70.454,0,0,0,-0.17364817766693033,0.984807753012208,1,1,1]},"_eulerAngles":{"__type__":"cc.Vec3","z":-20}},{"__type__":"cc.Node","_name":"chicken_body","_parent":{"__id__":35},"_components":[{"__type__":"cc.Sprite","node":{"__id__":38},"_materials":[{"__uuid__":"ecpdLyjvZBwrvm+cedCcQy"}],"_spriteFrame":{"__uuid__":"bfLhNhzNVMmIvKhoonus2I"},"_sizeMode":0}],"_contentSize":{"__type__":"cc.Size","width":150,"height":131},"_trs":{"__type__":"TypedArray","ctor":"Float64Array","array":[0,0,0,0,0,0,1,1,1,1]}},{"__type__":"cc.Node","_name":"chicken_btn","_parent":{"__id__":35},"_children":[{"__id__":40}],"_components":[{"__type__":"cc.Button","node":{"__id__":39},"_normalMaterial":{"__uuid__":"ecpdLyjvZBwrvm+cedCcQy"},"clickEvents":[{"__type__":"cc.ClickEvent","target":{"__id__":35},"_componentId":"798e4PmA6VJlZrUqRZ95ro2","handler":"chicken_click"}],"_N$transition":2,"transition":2,"_N$normalColor":{"__type__":"cc.Color","r":230,"g":230,"b":230},"_N$pressedColor":{"__type__":"cc.Color","r":200,"g":200,"b":200},"pressedColor":{"__type__":"cc.Color","r":200,"g":200,"b":200},"_N$disabledColor":{"__type__":"cc.Color","r":120,"g":120,"b":120,"a":200},"_N$target":{"__id__":40}}],"_contentSize":{"__type__":"cc.Size","width":138,"height":174},"_trs":{"__type__":"TypedArray","ctor":"Float64Array","array":[0,0,0,0,0,0,1,1,1,1]}},{"__type__":"cc.Node","_name":"Background","_parent":{"__id__":39},"_components":[{"__type__":"cc.Sprite","node":{"__id__":40},"_materials":[{"__uuid__":"ecpdLyjvZBwrvm+cedCcQy"}],"_type":1,"_sizeMode":0},{"__type__":"cc.Widget","node":{"__id__":40},"alignMode":0,"_alignFlags":45,"_originalWidth":100,"_originalHeight":40}],"_contentSize":{"__type__":"cc.Size","width":138,"height":174},"_trs":{"__type__":"TypedArray","ctor":"Float64Array","array":[0,0,0,0,0,0,1,1,1,1]}},{"__type__":"cc.Node","_name":"btn_act","_parent":{"__id__":2},"_children":[{"__id__":42}],"_active":false,"_components":[{"__type__":"cc.Button","node":{"__id__":41},"_normalMaterial":{"__uuid__":"ecpdLyjvZBwrvm+cedCcQy"},"clickEvents":[{"__type__":"cc.ClickEvent","target":{"__id__":41},"_componentId":"43b1eh/0iVKjaukoJ2mBDxE","handler":"clickbtn_act_up"}],"_N$transition":2,"transition":2,"_N$normalColor":{"__type__":"cc.Color","r":230,"g":230,"b":230},"_N$pressedColor":{"__type__":"cc.Color","r":200,"g":200,"b":200},"pressedColor":{"__type__":"cc.Color","r":200,"g":200,"b":200},"_N$disabledColor":{"__type__":"cc.Color","r":120,"g":120,"b":120,"a":200},"_N$normalSprite":{"__uuid__":"44UM0T579Lab5bYfJbbhqm"},"_N$pressedSprite":{"__uuid__":"44UM0T579Lab5bYfJbbhqm"},"pressedSprite":{"__uuid__":"44UM0T579Lab5bYfJbbhqm"},"_N$hoverSprite":{"__uuid__":"44UM0T579Lab5bYfJbbhqm"},"hoverSprite":{"__uuid__":"44UM0T579Lab5bYfJbbhqm"},"_N$disabledSprite":{"__uuid__":"44UM0T579Lab5bYfJbbhqm"},"_N$target":{"__id__":42}},{"__type__":"43b1eh/0iVKjaukoJ2mBDxE","node":{"__id__":41},"panel":{"__uuid__":"c7O0XRDE9DqJzizPFSjViI"},"root_node":{"__id__":2}}],"_contentSize":{"__type__":"cc.Size","width":134,"height":146},"_trs":{"__type__":"TypedArray","ctor":"Float64Array","array":[475,400,0,0,0,0,1,1,1,1]}},{"__type__":"cc.Node","_name":"Background","_parent":{"__id__":41},"_components":[{"__type__":"cc.Sprite","node":{"__id__":42},"_materials":[{"__uuid__":"ecpdLyjvZBwrvm+cedCcQy"}],"_spriteFrame":{"__uuid__":"44UM0T579Lab5bYfJbbhqm"},"_type":1,"_sizeMode":0},{"__type__":"cc.Widget","node":{"__id__":42},"alignMode":0,"_alignFlags":45,"_originalWidth":100,"_originalHeight":40}],"_contentSize":{"__type__":"cc.Size","width":134,"height":146},"_trs":{"__type__":"TypedArray","ctor":"Float64Array","array":[0,0,0,0,0,0,1,1,1,1]}},{"__type__":"cc.Node","_name":"btn_info","_parent":{"__id__":2},"_children":[{"__id__":44}],"_active":false,"_components":[{"__type__":"cc.Button","node":{"__id__":43},"_normalMaterial":{"__uuid__":"ecpdLyjvZBwrvm+cedCcQy"},"clickEvents":[{"__type__":"cc.ClickEvent","target":{"__id__":43},"_componentId":"43b1eh/0iVKjaukoJ2mBDxE","handler":"clickbtn_info_up"}],"_N$transition":2,"transition":2,"_N$normalColor":{"__type__":"cc.Color","r":230,"g":230,"b":230},"_N$pressedColor":{"__type__":"cc.Color","r":200,"g":200,"b":200},"pressedColor":{"__type__":"cc.Color","r":200,"g":200,"b":200},"_N$disabledColor":{"__type__":"cc.Color","r":120,"g":120,"b":120,"a":200},"_N$normalSprite":{"__uuid__":"06Pwg3ouhD27FXedfDoF/q"},"_N$pressedSprite":{"__uuid__":"06Pwg3ouhD27FXedfDoF/q"},"pressedSprite":{"__uuid__":"06Pwg3ouhD27FXedfDoF/q"},"_N$hoverSprite":{"__uuid__":"06Pwg3ouhD27FXedfDoF/q"},"hoverSprite":{"__uuid__":"06Pwg3ouhD27FXedfDoF/q"},"_N$disabledSprite":{"__uuid__":"06Pwg3ouhD27FXedfDoF/q"},"_N$target":{"__id__":44}},{"__type__":"43b1eh/0iVKjaukoJ2mBDxE","node":{"__id__":43},"panel":{"__uuid__":"c7O0XRDE9DqJzizPFSjViI"},"root_node":{"__id__":2}}],"_contentSize":{"__type__":"cc.Size","width":134,"height":146},"_trs":{"__type__":"TypedArray","ctor":"Float64Array","array":[475,600,0,0,0,0,1,1,1,1]}},{"__type__":"cc.Node","_name":"Background","_parent":{"__id__":43},"_components":[{"__type__":"cc.Sprite","node":{"__id__":44},"_materials":[{"__uuid__":"ecpdLyjvZBwrvm+cedCcQy"}],"_spriteFrame":{"__uuid__":"06Pwg3ouhD27FXedfDoF/q"},"_type":1,"_sizeMode":0},{"__type__":"cc.Widget","node":{"__id__":44},"alignMode":0,"_alignFlags":45,"_originalWidth":100,"_originalHeight":40}],"_contentSize":{"__type__":"cc.Size","width":134,"height":146},"_trs":{"__type__":"TypedArray","ctor":"Float64Array","array":[0,0,0,0,0,0,1,1,1,1]}}],{"__type__":"cc.SpriteFrame","content":{"name":"小兔子","texture":"457sJ42zJLG5tiYXnpiGFd","rect":[0,0,307,262],"offset":[0,0],"originalSize":[307,262],"capInsets":[0,0,0,0]}}]