[{"__type__":"cc.SpriteFrame","content":{"name":"pic_panel","texture":"3e4qmg41pBTIO1dlOOKICg","rect":[0,0,1242,2688],"offset":[0,0],"originalSize":[1242,2688],"capInsets":[0,0,0,0]}},[{"__type__":"cc.Prefab","_name":"collect_item","data":{"__id__":1}},{"__type__":"cc.Node","_name":"pic_item","_children":[{"__id__":2}],"_components":[{"__type__":"cc.Sprite","node":{"__id__":1},"_materials":[{"__uuid__":"ecpdLyjvZBwrvm+cedCcQy"}],"_spriteFrame":{"__uuid__":"1aW8mtxa1LmprAIQ0FTxHJ"},"_sizeMode":0},{"__type__":"8fec6mFbAlDu7iqHfg7P78B","node":{"__id__":1},"item_sprite":{"__id__":2}}],"_prefab":{"__type__":"cc.PrefabInfo","root":{"__id__":1},"asset":{"__uuid__":"089O+tz+BLB6HvDc50ArzS"},"fileId":"68Zli2ZmVKU4YEBFJr8lZ/"},"_contentSize":{"__type__":"cc.Size","width":1000,"height":800},"_trs":{"__type__":"TypedArray","ctor":"Float64Array","array":[0,840.969,0,0,0,0,1,1,1,1]}},{"__type__":"cc.Node","_name":"pic","_parent":{"__id__":1},"_components":[{"__type__":"cc.Sprite","node":{"__id__":2},"_materials":[{"__uuid__":"ecpdLyjvZBwrvm+cedCcQy"}],"_spriteFrame":{"__uuid__":"8c20Sso/ZEn7NUfNSM+EBh"},"_sizeMode":0}],"_prefab":{"__type__":"cc.PrefabInfo","root":{"__id__":1},"asset":{"__uuid__":"089O+tz+BLB6HvDc50ArzS"},"fileId":"1aArGwXhtBcoaUgcewrh8D"},"_contentSize":{"__type__":"cc.Size","width":900,"height":720},"_trs":{"__type__":"TypedArray","ctor":"Float64Array","array":[0,0,0,0,0,0,1,1,1,1]}}],{"__type__":"cc.SpriteFrame","content":{"name":"pic_item","texture":"e4le7yYNhI8ZcLyDF4Bqht","rect":[1,0,1022,817],"offset":[-2,0.5],"originalSize":[1028,818],"capInsets":[0,0,0,0]}},[{"__type__":"cc.SceneAsset","_name":"pic","scene":{"__id__":1},"asyncLoadAssets":null},{"__type__":"cc.Scene","_name":"New Node","_children":[{"__id__":2}],"_active":false,"_anchorPoint":{"__type__":"cc.Vec2"},"_trs":{"__type__":"TypedArray","ctor":"Float64Array","array":[0,0,0,0,0,0,1,1,1,1]},"autoReleaseAssets":false},{"__type__":"cc.Node","_name":"Canvas","_parent":{"__id__":1},"_children":[{"__id__":3},{"__id__":4},{"__id__":5},{"__id__":13}],"_components":[{"__type__":"cc.Canvas","node":{"__id__":2},"_designResolution":{"__type__":"cc.Size","width":1242,"height":2688}},{"__type__":"60a6at2+llFp7MFyM80sz8K","node":{"__id__":2},"pic_panel":{"__uuid__":"089O+tz+BLB6HvDc50ArzS"},"content":{"__id__":11}}],"_contentSize":{"__type__":"cc.Size","width":1242,"height":2688},"_trs":{"__type__":"TypedArray","ctor":"Float64Array","array":[621,1344,0,0,0,0,1,1,1,1]},"_id":"0ftLB5zrhB/pru4wVIJDDl"},{"__type__":"cc.Node","_name":"Main Camera","_parent":{"__id__":2},"_components":[{"__type__":"cc.Camera","node":{"__id__":3},"_clearFlags":7,"_depth":-1}],"_contentSize":{"__type__":"cc.Size","width":1242,"height":2688},"_trs":{"__type__":"TypedArray","ctor":"Float64Array","array":[0,0,527.4094709047232,0,0,0,1,1,1,1]}},{"__type__":"cc.Node","_name":"pic_bg","_parent":{"__id__":2},"_components":[{"__type__":"cc.Sprite","node":{"__id__":4},"_materials":[{"__uuid__":"ecpdLyjvZBwrvm+cedCcQy"}],"_spriteFrame":{"__uuid__":"01iu0SFchCfZVeN7F65wDq"}}],"_contentSize":{"__type__":"cc.Size","width":1242,"height":2688},"_trs":{"__type__":"TypedArray","ctor":"Float64Array","array":[0,0,0,0,0,0,1,1,1,1]}},{"__type__":"cc.Node","_name":"New ScrollView","_parent":{"__id__":2},"_children":[{"__id__":6},{"__id__":12}],"_components":[{"__type__":"cc.Sprite","node":{"__id__":5},"_materials":[{"__uuid__":"ecpdLyjvZBwrvm+cedCcQy"}],"_type":1,"_sizeMode":0},{"__id__":10}],"_contentSize":{"__type__":"cc.Size","width":1242,"height":2688},"_trs":{"__type__":"TypedArray","ctor":"Float64Array","array":[0,0,0,0,0,0,1,1,1,1]}},{"__type__":"cc.Node","_name":"scrollBar","_parent":{"__id__":5},"_children":[{"__id__":7}],"_components":[{"__id__":9},{"__type__":"cc.Widget","node":{"__id__":6},"alignMode":0,"_alignFlags":37,"_left":350.07654921020657,"_originalHeight":237},{"__type__":"cc.Sprite","node":{"__id__":6},"_materials":[{"__uuid__":"ecpdLyjvZBwrvm+cedCcQy"}],"_spriteFrame":{"__uuid__":"5f5dyqtRNNxaFmVzYns6FZ"},"_type":1,"_sizeMode":0}],"_contentSize":{"__type__":"cc.Size","width":12,"height":2688},"_anchorPoint":{"__type__":"cc.Vec2","x":1,"y":0.5},"_trs":{"__type__":"TypedArray","ctor":"Float64Array","array":[621,0,0,0,0,0,1,1,1,1]}},{"__type__":"cc.Node","_name":"bar","_parent":{"__id__":6},"_components":[{"__id__":8}],"_contentSize":{"__type__":"cc.Size","width":10,"height":30},"_anchorPoint":{"__type__":"cc.Vec2","x":1},"_trs":{"__type__":"TypedArray","ctor":"Float64Array","array":[-1,0,0,0,0,0,1,1,1,1]}},{"__type__":"cc.Sprite","node":{"__id__":7},"_materials":[{"__uuid__":"ecpdLyjvZBwrvm+cedCcQy"}],"_spriteFrame":{"__uuid__":"5cO7kybDxGj4ipyMYdRYZB"},"_type":1,"_sizeMode":0},{"__type__":"cc.Scrollbar","node":{"__id__":6},"_scrollView":{"__id__":10},"_N$handle":{"__id__":8},"_N$direction":1},{"__type__":"cc.ScrollView","node":{"__id__":5},"horizontal":false,"brake":0.75,"bounceDuration":0.23,"_N$content":{"__id__":11},"content":{"__id__":11},"_N$horizontalScrollBar":null,"_N$verticalScrollBar":{"__id__":9}},{"__type__":"cc.Node","_name":"content","_parent":{"__id__":12},"_contentSize":{"__type__":"cc.Size","width":1242,"height":5000},"_anchorPoint":{"__type__":"cc.Vec2","x":0.5,"y":1},"_trs":{"__type__":"TypedArray","ctor":"Float64Array","array":[0,0,0,0,0,0,1,1,1,1]}},{"__type__":"cc.Node","_name":"view","_parent":{"__id__":5},"_children":[{"__id__":11}],"_components":[{"__type__":"cc.Mask","node":{"__id__":12},"_materials":[{"__uuid__":"ecpdLyjvZBwrvm+cedCcQy"}],"_N$alphaThreshold":0}],"_contentSize":{"__type__":"cc.Size","width":1242,"height":2688},"_trs":{"__type__":"TypedArray","ctor":"Float64Array","array":[0,0,0,0,0,0,1,1,1,1]}},{"__type__":"cc.Node","_name":"btn_general","_parent":{"__id__":2},"_children":[{"__id__":14},{"__id__":16},{"__id__":18}],"_components":[{"__type__":"cc.Sprite","node":{"__id__":13},"_materials":[{"__uuid__":"ecpdLyjvZBwrvm+cedCcQy"}]}],"_contentSize":{"__type__":"cc.Size","width":40,"height":36},"_trs":{"__type__":"TypedArray","ctor":"Float64Array","array":[450,1100,0,0,0,0,1,1,1,1]}},{"__type__":"cc.Node","_name":"btn_exit","_parent":{"__id__":13},"_children":[{"__id__":15}],"_components":[{"__type__":"cc.Button","node":{"__id__":14},"_normalMaterial":{"__uuid__":"ecpdLyjvZBwrvm+cedCcQy"},"clickEvents":[{"__type__":"cc.ClickEvent","target":{"__id__":2},"_componentId":"60a6at2+llFp7MFyM80sz8K","handler":"tohouse"}],"_N$transition":2,"transition":2,"_N$normalColor":{"__type__":"cc.Color","r":230,"g":230,"b":230},"_N$pressedColor":{"__type__":"cc.Color","r":200,"g":200,"b":200},"pressedColor":{"__type__":"cc.Color","r":200,"g":200,"b":200},"_N$disabledColor":{"__type__":"cc.Color","r":120,"g":120,"b":120,"a":200},"_N$normalSprite":{"__uuid__":"cfTARQl41PJIPHYDUtRnG6"},"_N$pressedSprite":{"__uuid__":"cfTARQl41PJIPHYDUtRnG6"},"pressedSprite":{"__uuid__":"cfTARQl41PJIPHYDUtRnG6"},"_N$hoverSprite":{"__uuid__":"cfTARQl41PJIPHYDUtRnG6"},"hoverSprite":{"__uuid__":"cfTARQl41PJIPHYDUtRnG6"},"_N$disabledSprite":{"__uuid__":"cfTARQl41PJIPHYDUtRnG6"},"_N$target":{"__id__":15}}],"_contentSize":{"__type__":"cc.Size","width":70,"height":70},"_trs":{"__type__":"TypedArray","ctor":"Float64Array","array":[62,0,0,0,0,0,1,1,1,1]}},{"__type__":"cc.Node","_name":"Background","_parent":{"__id__":14},"_components":[{"__type__":"cc.Sprite","node":{"__id__":15},"_materials":[{"__uuid__":"ecpdLyjvZBwrvm+cedCcQy"}],"_spriteFrame":{"__uuid__":"cfTARQl41PJIPHYDUtRnG6"},"_type":1,"_sizeMode":0},{"__type__":"cc.Widget","node":{"__id__":15},"alignMode":0,"_alignFlags":45,"_originalWidth":100,"_originalHeight":40}],"_contentSize":{"__type__":"cc.Size","width":70,"height":70},"_trs":{"__type__":"TypedArray","ctor":"Float64Array","array":[0,0,0,0,0,0,1,1,1,1]}},{"__type__":"cc.Node","_name":"btn_more","_parent":{"__id__":13},"_children":[{"__id__":17}],"_components":[{"__type__":"cc.Button","node":{"__id__":16},"_normalMaterial":{"__uuid__":"ecpdLyjvZBwrvm+cedCcQy"},"_N$transition":2,"transition":2,"_N$normalColor":{"__type__":"cc.Color","r":230,"g":230,"b":230},"_N$pressedColor":{"__type__":"cc.Color","r":200,"g":200,"b":200},"pressedColor":{"__type__":"cc.Color","r":200,"g":200,"b":200},"_N$disabledColor":{"__type__":"cc.Color","r":120,"g":120,"b":120,"a":200},"_N$normalSprite":{"__uuid__":"44YxMBAZpEE4ERnDYsAjDT"},"_N$pressedSprite":{"__uuid__":"44YxMBAZpEE4ERnDYsAjDT"},"pressedSprite":{"__uuid__":"44YxMBAZpEE4ERnDYsAjDT"},"_N$hoverSprite":{"__uuid__":"44YxMBAZpEE4ERnDYsAjDT"},"hoverSprite":{"__uuid__":"44YxMBAZpEE4ERnDYsAjDT"},"_N$disabledSprite":{"__uuid__":"44YxMBAZpEE4ERnDYsAjDT"},"_N$target":{"__id__":17}}],"_contentSize":{"__type__":"cc.Size","width":100,"height":40},"_trs":{"__type__":"TypedArray","ctor":"Float64Array","array":[-62,0,0,0,0,0,1,1,1,1]}},{"__type__":"cc.Node","_name":"Background","_parent":{"__id__":16},"_components":[{"__type__":"cc.Sprite","node":{"__id__":17},"_materials":[{"__uuid__":"ecpdLyjvZBwrvm+cedCcQy"}],"_spriteFrame":{"__uuid__":"44YxMBAZpEE4ERnDYsAjDT"},"_type":1,"_sizeMode":0},{"__type__":"cc.Widget","node":{"__id__":17},"alignMode":0,"_alignFlags":45,"_left":10,"_right":10,"_top":12.5,"_bottom":12.5,"_originalWidth":100,"_originalHeight":40}],"_contentSize":{"__type__":"cc.Size","width":80,"height":15},"_trs":{"__type__":"TypedArray","ctor":"Float64Array","array":[0,0,0,0,0,0,1,1,1,1]}},{"__type__":"cc.Node","_name":"bg","_parent":{"__id__":13},"_components":[{"__type__":"cc.Sprite","node":{"__id__":18},"_materials":[{"__uuid__":"ecpdLyjvZBwrvm+cedCcQy"}],"_spriteFrame":{"__uuid__":"e8mSVY3GhMP7dMze4eaw8H"},"_sizeMode":0}],"_contentSize":{"__type__":"cc.Size","width":250,"height":100},"_trs":{"__type__":"TypedArray","ctor":"Float64Array","array":[0,0,0,0,0,0,1,1,1,1]}}]]